time,camera,filename,sha256
2026-07-28 14:21:03.708625,5d9ddd49766c880017188c94,20260728_142103.jpg,4416f5e1a39177ab4a1a873f2076950e66a78b4f364f2fb85721c79210c84f26
2026-07-28 14:21:13.775007,5d9ddd49766c880017188c94,20260728_142113.jpg,143041f1bc3ae87d878b3853af966ed49bde6ef4dc1d3ee42be9e3fa1e08cd66
2026-07-28 14:21:23.835140,5d9ddd49766c880017188c94,20260728_142123.jpg,363dc411a9b5d02e40c053b5f3c2c8af15a6d4a1123f19c9e2519f8e2bb5d756
2026-07-28 14:21:33.896415,5d9ddd49766c880017188c94,20260728_142133.jpg,ba9adac738b9450f2e5b91c6daf9ab563eee240ef3ada3bfe54006bc395141b6
2026-07-28 14:21:54.021461,5d9ddd49766c880017188c94,20260728_142154.jpg,781e9004b694d96b1e0d6a2f32a9214366e49c747871de76239528c31b76610c
2026-07-28 14:22:04.142983,5d9ddd49766c880017188c94,20260728_142204.jpg,5afdd31185caf00bfcb29a0ba8478a54551ea98ac44335546034b1234d029981
2026-07-28 14:22:14.310372,5d9ddd49766c880017188c94,20260728_142214.jpg,854bea2914921a4944d6e920a50c7cefe98068e358a6d6703fbfea5e6b1359c9
2026-07-28 14:22:24.383693,5d9ddd49766c880017188c94,20260728_142224.jpg,8e9fc18515141ad70061f551dab863ad03899ef16c761cf92b331f77b6ca40c7
2026-07-28 14:22:34.442443,5d9ddd49766c880017188c94,20260728_142234.jpg,d6b4fcb2504b4167567371a1d2e1bfcda294473135261724394bd849c112ef15
2026-07-28 14:22:54.665946,5d9ddd49766c880017188c94,20260728_142254.jpg,e6606abf385b27ee860214e19de5bde3a59da0c0c1c779669a62b6c077dcb1fc
2026-07-28 14:23:04.729419,5d9ddd49766c880017188c94,20260728_142304.jpg,06ba3221e6506eda401fdd03418d62ad10e028f50bdd667bedcbd53923eecb89
2026-07-28 14:23:14.810829,5d9ddd49766c880017188c94,20260728_142314.jpg,48bcc546b92c53eaf84df0b802bf08c085525860af477ce891ff5eeb4a7e3f6c
2026-07-28 14:23:24.983928,5d9ddd49766c880017188c94,20260728_142324.jpg,40754cce974d584958ffd74b1379ef041b69f8c6c24a7e9a7b2f3799a766172c
2026-07-28 14:23:35.091683,5d9ddd49766c880017188c94,20260728_142335.jpg,961b236c57d8fc9adb5738121e729dc6f226b7d89d4d824572a81e70efed26d1
2026-07-28 14:23:55.228308,5d9ddd49766c880017188c94,20260728_142355.jpg,6e8f2b3b0a674465d0d18115d9771d9e23642555f7ff22e8d03e16230c1595ec
2026-07-28 14:24:05.289172,5d9ddd49766c880017188c94,20260728_142405.jpg,919e6596a1a9010a0c3486c6139a183655d9a37c0bdb6010273c31e7d29944b6
2026-07-28 14:24:15.352612,5d9ddd49766c880017188c94,20260728_142415.jpg,221ed6e9a5aef6d2c98ddbaabb18add3e9ea1a099efca2646da41d04964be270
2026-07-28 14:24:25.437135,5d9ddd49766c880017188c94,20260728_142425.jpg,6bd1667f64d3843954724619737e3613de784db36dfa527168b2ed7e79fc0161
2026-07-28 14:24:35.496863,5d9ddd49766c880017188c94,20260728_142435.jpg,6fe9f7f716b528b57b1cc2d0e3e704f4f660177a56275de100a57067ba820668
2026-07-28 14:24:55.628310,5d9ddd49766c880017188c94,20260728_142455.jpg,58e43737b2539596deb6ce60902b933738483a35a3da4236ddfe20647c413375
2026-07-28 14:25:05.690626,5d9ddd49766c880017188c94,20260728_142505.jpg,53788669c248f14e43eeb9b49dd62e4100238f4184982aa0016cfdd7b7e0ff40
2026-07-28 14:25:15.826607,5d9ddd49766c880017188c94,20260728_142515.jpg,3fa1ce4ce5e17d1c31ffe314665cd117c7979b7b285174285cbd062387338afe
2026-07-28 14:25:25.890767,5d9ddd49766c880017188c94,20260728_142525.jpg,a251d79039380fd36ce8bf5765544e5efd1b5a58c02cb5460a1d09eff14a4aab
2026-07-28 14:25:35.965948,5d9ddd49766c880017188c94,20260728_142535.jpg,87d54edb7deddb15df2a4a029d0a0640dd3fe4d564cc9f531797c6ba807eba6b
2026-07-28 14:25:56.091591,5d9ddd49766c880017188c94,20260728_142556.jpg,4ce3924af8c1674175e165cb87d7af916a919723858d6296b8f416329c30e96d
2026-07-28 14:26:06.170834,5d9ddd49766c880017188c94,20260728_142606.jpg,c1ffad1eb36a785dea34c663f3509de9e629092167637094395a9ca8c261afd6
2026-07-28 14:26:16.232531,5d9ddd49766c880017188c94,20260728_142616.jpg,f2f83087c14c96d08157e8a4d4612c81a3b4aa5aafc5c40bbf7e57e0a5da92e6
2026-07-28 14:26:26.292058,5d9ddd49766c880017188c94,20260728_142626.jpg,d997f884cb6670ed61aaffb4760b34e783cded95cca0bf36d819e0408315be4c
2026-07-28 14:26:46.422177,5d9ddd49766c880017188c94,20260728_142646.jpg,362b958f0cb8b62e69013b2d1d6220a45b46223da4efee69512bb8d76d3b38e4
2026-07-28 14:26:56.537132,5d9ddd49766c880017188c94,20260728_142656.jpg,e733c0627a5d45e465b2906add9e3ce93b9e04b9e1bc42da90fe0e1f80bb24eb
2026-07-28 14:27:06.599054,5d9ddd49766c880017188c94,20260728_142706.jpg,876c5cdf0eb8579165de35e48834da5f19d88197915936f2c28fc8bc986a8ab5
2026-07-28 14:27:16.663544,5d9ddd49766c880017188c94,20260728_142716.jpg,04162aca75764b8cbc4ccf46172c6158d4df96fa51a48a74fb2332677a9d5493
2026-07-28 14:27:26.717530,5d9ddd49766c880017188c94,20260728_142726.jpg,63db06144ccd9ddb47c9d7fac1fdb4cff0d4fa671892f7fc27c5587cea0c8fa1
2026-07-28 14:27:46.882699,5d9ddd49766c880017188c94,20260728_142746.jpg,e26e2ccfe84360e8f8bd5219b2f3b23e6c40ad35152c13ecc33c9571ae671029
2026-07-28 14:27:56.953413,5d9ddd49766c880017188c94,20260728_142756.jpg,15f965c613c12f4f567bf1ebe62cebe2ee4769e885a2f7490a87c052c54da866
2026-08-02 08:17:23.280670,5d9ddd49766c880017188c94,20260802_081723.jpg,66753b6f8fa042df09bbdae1165e6498c4935e2a6bc84b1315159cc88be4338f
2026-08-02 08:17:33.367272,5d9ddd49766c880017188c94,20260802_081733.jpg,2492331d124f58aefa12f22e1af3c9787a4c57e5f13c7da350f6eaa5156046ce
2026-08-02 08:17:43.441420,5d9ddd49766c880017188c94,20260802_081743.jpg,d8955bf043cb046f94a774b129cf8433530e1ce909afc5d488fb60ca4d8e8cfb
2026-08-02 08:17:53.524045,5d9ddd49766c880017188c94,20260802_081753.jpg,1dfdca6f7db7b52c0bce465e963d945b129a1229667644f5ef154250b0720809
2026-08-02 08:18:03.611684,5d9ddd49766c880017188c94,20260802_081803.jpg,7339a0df66cf371efaa7549dd81905f7c878e2ac40b79a02a8ffbbd0ec454507
2026-08-02 08:18:13.701069,5d9ddd49766c880017188c94,20260802_081813.jpg,4f91654d92deb62ed074dc54fc64a4bb3ee77b7de3d050818481563813464dec
2026-08-02 08:18:33.897267,5d9ddd49766c880017188c94,20260802_081833.jpg,97ec560a28570a8331e28818838b482cfe53cb4b2be58a245ef1a6dda6ad805b
2026-08-02 08:18:43.985633,5d9ddd49766c880017188c94,20260802_081843.jpg,d755b32c3973fa971de2ac80e128c53198082d941632b95c3564f135923cd757
2026-08-02 08:18:54.077125,5d9ddd49766c880017188c94,20260802_081854.jpg,c845645f6358ad1a2e549336188dd58bb52881664192b9829de255bfbeb6b8da
2026-08-02 08:19:04.154790,5d9ddd49766c880017188c94,20260802_081904.jpg,20ba975bee134d2527608b77e78c0074d896ba9b71ffb5366f7632e5f4ec190f
2026-08-02 08:19:14.238678,5d9ddd49766c880017188c94,20260802_081914.jpg,9b86792c5748b0338b416abbe0bbd4b745dfe2b14b642a10dd02b72da3ee534c
2026-08-02 08:19:34.680260,5d9ddd49766c880017188c94,20260802_081934.jpg,387041f4fd10dd9b2112c4ba3e2df3eb143e4f9abbc9a51fa29f714a635a14ce
2026-08-02 08:19:44.798065,5d9ddd49766c880017188c94,20260802_081944.jpg,e23c1b15b613a49d6cee68dfdeb6b465aeb7217d3d71ee05343e4b3a6e4ea40d
2026-08-02 08:19:54.872122,5d9ddd49766c880017188c94,20260802_081954.jpg,c22a77f75d0e8909578c0b648141ba4b25b004c36dcd9545b9050c69d63b1bef
2026-08-02 08:20:04.948802,5d9ddd49766c880017188c94,20260802_082004.jpg,c2d9ada593208150bd84c97ec5f13b93ef17f12ebf071ef0e64bac13182bf1bc
2026-08-02 08:20:15.029439,5d9ddd49766c880017188c94,20260802_082015.jpg,08ef8cf8d52c64513cc2d7f05e60ccec42865267346f053235a837a847403658
2026-08-02 08:20:35.222097,5d9ddd49766c880017188c94,20260802_082035.jpg,73e188038abb0728649face71c0aad867f40aef29cffd4261ff7d51b49e33fb2
2026-08-02 08:20:45.309354,5d9ddd49766c880017188c94,20260802_082045.jpg,e09f18ca7a94000804f92fa960eaf4141618f1522ad583813b1d8a9466d22bbb
2026-08-02 08:20:55.396185,5d9ddd49766c880017188c94,20260802_082055.jpg,a7fab9084d9584cffe570c8dab2750330eae4248bb6cd3eba09470a5b7ff155e
2026-08-02 08:21:05.483432,5d9ddd49766c880017188c94,20260802_082105.jpg,ef26bb14a83eb57f282e9d354cadfe17ceb3e921093376541df45fb28573cf9c
2026-08-02 08:21:15.568461,5d9ddd49766c880017188c94,20260802_082115.jpg,0d98f561e4f9719ec373f6d97ce5b4b3414e987c94a2dbe9eef5dd14e5466f2b
2026-08-02 08:21:35.721646,5d9ddd49766c880017188c94,20260802_082135.jpg,c8fd959e4682cd648f00cf36cac225251da41264ea1a40efb862fe93a500a662
2026-08-02 08:21:45.810547,5d9ddd49766c880017188c94,20260802_082145.jpg,4ce58869255f4044df11d2fb07244caf4a5d7fb333b11b6115d90a040f6dfc18
2026-08-02 08:21:55.885078,5d9ddd49766c880017188c94,20260802_082155.jpg,f90c1dc394f5a2ab9e66fb29c375319912e8f25b06239b1bd73c89f1bd7841d2
2026-08-02 08:22:05.968002,5d9ddd49766c880017188c94,20260802_082205.jpg,32d833ff7f3fce63ec78433fafee19d7a4f9d7a8e7d24e52ff7b338eb7ec1029
2026-08-02 08:22:16.043903,5d9ddd49766c880017188c94,20260802_082216.jpg,f1d9a19d4ae48430e6d807890e0e03fcf6033c9a0d1d17e3a0abdf2fc7eb0842
2026-08-02 08:22:36.225712,5d9ddd49766c880017188c94,20260802_082236.jpg,625df39fc39da21ff4c40cce07af3b50ba8e0fa9b22953172dcc0add6ae98ba8
2026-08-02 08:22:46.310709,5d9ddd49766c880017188c94,20260802_082246.jpg,a970f6888da85f19f36757cf8a3d1eabf8de7a36177f1882ba42cb4a7be2f31d
2026-08-02 08:22:56.412182,5d9ddd49766c880017188c94,20260802_082256.jpg,d9abc48e439cb40787ffb8966f1ac66ca79bd3080f17044ad439cdfa1822d709
2026-08-02 08:23:06.499494,5d9ddd49766c880017188c94,20260802_082306.jpg,fb903489e25de0844943281172eab4ab5146c55255226b1fcf96d0ba495f810b
2026-08-02 08:23:16.582389,5d9ddd49766c880017188c94,20260802_082316.jpg,da5ac882449bbc45d3722f0c8f951bb71ea239db9bbb23c6f07249d6e6cda053
2026-08-02 08:23:36.737512,5d9ddd49766c880017188c94,20260802_082336.jpg,20c65d0180d53629217cdc309be8d5f492a2c63425bedf7f403e027debf353db
2026-08-02 08:23:46.824311,5d9ddd49766c880017188c94,20260802_082346.jpg,c4a9e60faa790a857566c29dadfba77421a8f3d7098a9c1422fa817f2dcbc48a
2026-08-02 08:23:56.906289,5d9ddd49766c880017188c94,20260802_082356.jpg,1f0340a2af4d9e60e4dac33ecb0b487d317f266b9e0f8e028057ac689d2acaab
2026-08-02 08:24:06.980727,5d9ddd49766c880017188c94,20260802_082406.jpg,ae12e17e8dadff75ebfec9f65837a1437702d48638f2fcb50c64b5017c37fcad
2026-08-02 08:24:17.060130,5d9ddd49766c880017188c94,20260802_082417.jpg,1ecb091657337f89d5966e1d099b89d313655b504b51a97acf5c5862d2b4ba1b
2026-08-02 08:24:37.488598,5d9ddd49766c880017188c94,20260802_082437.jpg,40bcb032ff12521d30e54987727efa36571811f6c3d4b795df3236dff4375b12
2026-08-02 08:24:47.569965,5d9ddd49766c880017188c94,20260802_082447.jpg,7b3f290eb7d728b42b6383b90d6c7e6c042fa6f55ff9e2071f7ea3ce93a0375c
2026-08-02 08:24:57.650138,5d9ddd49766c880017188c94,20260802_082457.jpg,f29cc92e66d55e845916672f5c5f8ee813ed164ff2efb0864c0f6f022c836a01
2026-08-02 08:25:07.755260,5d9ddd49766c880017188c94,20260802_082507.jpg,6744a5d5e9d37220f518e82b6aefb6420c14ccb62e06fdfa5b312b4d6f4ded27
2026-08-02 08:25:17.850848,5d9ddd49766c880017188c94,20260802_082517.jpg,bb31fcd93c678632ed0d25a2d874877b35794937f2355c9aa7197f834dc948eb
2026-08-02 08:25:38.119185,5d9ddd49766c880017188c94,20260802_082538.jpg,09fb5088f3671fa9acff70251c5023901db7463091d1fe2b6d2f912ac7f8e7e9
2026-08-02 08:25:48.206652,5d9ddd49766c880017188c94,20260802_082548.jpg,2f19f5785a8c73072ec80b49303ab5da48d68d14c67d6c21bdc1492ef000cefb
2026-08-02 08:25:58.297126,5d9ddd49766c880017188c94,20260802_082558.jpg,356f7f05a0d5d17973679bd73da40d2c741c394283b39942830e9f765f0c6fda
2026-08-02 08:26:08.368832,5d9ddd49766c880017188c94,20260802_082608.jpg,1fd434b1300c7b83ef6464737da7749ca220416027c45abf91cfeddeb438703c
2026-08-02 08:26:18.446485,5d9ddd49766c880017188c94,20260802_082618.jpg,a60e09a8b06a8fb44c51e1199aa5f3c27510b17937dc68cf29bf2a03e297c03c
2026-08-02 08:26:38.625011,5d9ddd49766c880017188c94,20260802_082638.jpg,f593c6d6abdd108efbd28cd797ce4f5aba6a878dcab5bd177461739f72c4cad1
2026-08-02 08:26:48.713228,5d9ddd49766c880017188c94,20260802_082648.jpg,c8a3ed342ca7c99c4d4f680c3aa81e2ca968685910f85e4ee286f07252fe558f
2026-08-02 08:26:58.797470,5d9ddd49766c880017188c94,20260802_082658.jpg,daa0f9baabcfedb795bc78d7203c9293d28be5208fd4b3648768dd538316d75e
2026-08-02 08:27:08.974412,5d9ddd49766c880017188c94,20260802_082708.jpg,afc92ab0973beb61920974320030ce6462788ab4f60585b7c341144f9d202f1b
2026-08-02 08:27:19.055745,5d9ddd49766c880017188c94,20260802_082719.jpg,8d3ad8bb1c2a3bf3a52c4653c64f20712a03a79f783760c9daaefcb7ec0f6dfe
2026-08-02 08:27:39.231294,5d9ddd49766c880017188c94,20260802_082739.jpg,5c3b9b952fc76fe63840c092945f82e42c7d56fcdbd2e7a765118d6fa5abf81e
2026-08-02 08:27:49.320058,5d9ddd49766c880017188c94,20260802_082749.jpg,35a5e1f092577745fd6971bf6644aceb6cef1f6cd6bb269c3059e80862539233
2026-08-02 08:27:59.415196,5d9ddd49766c880017188c94,20260802_082759.jpg,af679ebb43e82acb47b12e2db48c7ceb53c35f718985744e4fcefda2ab46172c
2026-08-02 08:28:09.549894,5d9ddd49766c880017188c94,20260802_082809.jpg,79a6916cd759e5e5ec24f8d85425fbaeabda66b0874a8a0f7cbbf002ae6a9f2e
2026-08-02 08:28:19.625165,5d9ddd49766c880017188c94,20260802_082819.jpg,3a1ebf87439a0a089b340ea380ffb6fe2a0aee90b81f689c112782578d5a5b10
2026-08-02 08:28:39.767427,5d9ddd49766c880017188c94,20260802_082839.jpg,04adf4908505f77e265364869c2cac969eebe0fe94210552fedf3f6da8d77121
2026-08-02 08:28:49.842394,5d9ddd49766c880017188c94,20260802_082849.jpg,9b65eb4f3c2ac04991fc0c1cfdfff822d68d6b8082eb50b5dc5001baa4133530
2026-08-02 08:28:59.915787,5d9ddd49766c880017188c94,20260802_082859.jpg,4006b98754f1cc9f3e1b3f8e1299ca26e1eeade123343a2e16c4f37eaff3fb48
2026-08-02 08:29:09.983985,5d9ddd49766c880017188c94,20260802_082909.jpg,64936d351e12442dd8b25f464e4a2e3d299a19f59cd7f5edad59aff1ae9568a7
2026-08-02 08:29:20.085729,5d9ddd49766c880017188c94,20260802_082920.jpg,85ee5acfe82259b6a65b1afbc93f0ce19b0a682920f0bf489f232a5daed2021d
2026-08-02 08:29:40.285576,5d9ddd49766c880017188c94,20260802_082940.jpg,4d4d803130f0f7a4d5312be5c7fc9ccffe540ab462d0d3c1963e83cba6be6894
2026-08-02 08:29:50.389339,5d9ddd49766c880017188c94,20260802_082950.jpg,ddbe44141aafdcf5dc99367c7ae6ccf8cf4e840d76ea434fb071f668af212847
2026-08-02 08:30:00.471028,5d9ddd49766c880017188c94,20260802_083000.jpg,474541ed3620b6ada85e66a08938b68046b3cb752b61e85771ffd4fa3219c9bd
2026-08-02 08:30:10.564991,5d9ddd49766c880017188c94,20260802_083010.jpg,2b2df481d462ab4dda363ba251cb324993bb89f9abf9693476d1092574a729dd
2026-08-02 08:30:20.668798,5d9ddd49766c880017188c94,20260802_083020.jpg,42803d8649ec248f799a85b917234d38aeb24b41c02eb13a48fcbdbda5c59baf
2026-08-02 08:30:40.805671,5d9ddd49766c880017188c94,20260802_083040.jpg,71c53cf775d2628dc281e24592e042b73fa54255ea4055c6d96680db974121f0
2026-08-02 08:30:50.892520,5d9ddd49766c880017188c94,20260802_083050.jpg,d54ee5349d2566e3d7e1572021a7994d100a467a51c6c824c0dcf14ec24ddc52
2026-08-02 08:31:01.081790,5d9ddd49766c880017188c94,20260802_083101.jpg,8bad75aaf11be82ec5c1b9bf0bfccb593395d04af057ea63c9adf4b862e4e60e
2026-08-02 08:31:11.173219,5d9ddd49766c880017188c94,20260802_083111.jpg,14004b95560f1a7a94324a71c6a600d501ddd5607b9694d4a39094a2a9d7d2dc
2026-08-02 08:31:21.256409,5d9ddd49766c880017188c94,20260802_083121.jpg,94ff371a27b5b1a25adf8d3d258f28bb81776615d3c4b5363c3c8db1ec740fef
2026-08-02 08:31:41.415894,5d9ddd49766c880017188c94,20260802_083141.jpg,b98d04b126ab773e9ef1aa478c28ef56c85c0fb6621630b551768ed3976b5fa2
2026-08-02 08:31:51.501077,5d9ddd49766c880017188c94,20260802_083151.jpg,eb6979df9cf24da701fd7e4877f1d071b8b8e4ce2a7d8f149205c41f2f588522
2026-08-02 08:32:01.577501,5d9ddd49766c880017188c94,20260802_083201.jpg,304902dbfa4617ff6012cb6214bf725da5172e699d0c84d278507080828846ed
2026-08-02 08:32:11.670443,5d9ddd49766c880017188c94,20260802_083211.jpg,b0bd0674a8e8984069894fa9ddb30625c7f6efee0e98ae407c369cbb1c6735b9
2026-08-02 08:32:21.776889,5d9ddd49766c880017188c94,20260802_083221.jpg,9379d8f83a3cdae6c1b8bd96d9cfa1aee1b595f823c0deab4096afb158a8de12
2026-08-02 08:32:41.934636,5d9ddd49766c880017188c94,20260802_083241.jpg,f382f1f8d2e5095f36cd479739d2c08bfba84bc9efa43985b62ce28d76ac676d
2026-08-02 08:32:52.128430,5d9ddd49766c880017188c94,20260802_083252.jpg,c671524562aa30b58a12e87c224c93887e274ff3200c107e7529f2917d3ab979
2026-08-02 08:33:02.218162,5d9ddd49766c880017188c94,20260802_083302.jpg,6bca7a2eff00d04037f0116bab52fced85e6b5e1d4182c0af69c9bd492ef5506
2026-08-02 08:33:12.314226,5d9ddd49766c880017188c94,20260802_083312.jpg,efd224c42031d66377110ef01acdaf019c93b841ce30f9b8d855858956216bc9
2026-08-02 08:33:22.482948,5d9ddd49766c880017188c94,20260802_083322.jpg,48a8518c9af5f7b34158a5afa6cbb666a01aee4248bbfe3d114206ce604ec12a
2026-08-02 08:33:42.652396,5d9ddd49766c880017188c94,20260802_083342.jpg,e2a7dfb2819caf576a529d142159259fbf8fce9305b8b3d2023fd1088380f4cb
2026-08-02 08:33:52.748023,5d9ddd49766c880017188c94,20260802_083352.jpg,17928d1f2f8758cd6d0ea9d5b0b8524623d9aa14b1ecde34bf6ab02bae5f6c52
2026-08-02 08:34:02.827770,5d9ddd49766c880017188c94,20260802_083402.jpg,14d8b7906a3a58653a1f0bd7f3d46df65c18ec0cc37da3ce5e17cca8b0c769ac
2026-08-02 08:34:12.919189,5d9ddd49766c880017188c94,20260802_083412.jpg,ee00e55e1f0529a75222e9da90e34165223edd116d1c3c9bdabb02fa9c83a1b2
2026-08-02 08:34:23.021404,5d9ddd49766c880017188c94,20260802_083423.jpg,79b4188846a6c4d594e628da2d1338d584e5463daf3d51836b6a53be68462abe
2026-08-02 08:34:43.919101,5d9ddd49766c880017188c94,20260802_083443.jpg,d8307902e822f5bbded63eb267e1d6bec82c0a935faccb914668c8fee597eeeb
2026-08-02 08:34:53.993651,5d9ddd49766c880017188c94,20260802_083453.jpg,cffbf33ec8fd129dd0f8ef596b51bd91731ee0556a2179f8c8a8740a2238af9f
2026-08-02 08:35:04.080715,5d9ddd49766c880017188c94,20260802_083504.jpg,4cf9bcc808716dd90ca082c78585898f086bdcb2269064d35c1c983e523ba810
2026-08-02 08:35:14.152293,5d9ddd49766c880017188c94,20260802_083514.jpg,6c042abbc42569bb10a9e7ddf236c7cf4765c20750038429ff5a6297204f6f6e
2026-08-02 08:35:24.226613,5d9ddd49766c880017188c94,20260802_083524.jpg,6371fc048c3d99c132981be210a850f29e12b2d221738f22df693f496305d134
2026-08-02 08:35:44.387791,5d9ddd49766c880017188c94,20260802_083544.jpg,1981153143245496d1a786057893182577a684520d4b722a2e52fd725c68991c
2026-08-02 08:35:54.483303,5d9ddd49766c880017188c94,20260802_083554.jpg,9bb9d7a39ab8ee3167d5a784e36c861753695cc9a7cb91a5f0d2cfe3000470a7
2026-08-02 08:36:04.581552,5d9ddd49766c880017188c94,20260802_083604.jpg,9679ecddc55f63f77d028bb851edd2e07890eec0283340fba03130fcea77efd8
2026-08-02 08:36:14.663615,5d9ddd49766c880017188c94,20260802_083614.jpg,4c735492700a930d0c73dd637c1baf92159662851e54c60c07982bf2dde6f5c9
2026-08-02 08:36:24.744773,5d9ddd49766c880017188c94,20260802_083624.jpg,073cc0c80c5720cc4fb2c0ae462133324a5a485a6dc7315a13333aa79331f55e
2026-08-02 08:36:44.904308,5d9ddd49766c880017188c94,20260802_083644.jpg,6367a94f79480248b4d890249f44019dc510d2a001aef7138858ab2019a59a2a
2026-08-02 08:36:54.970187,5d9ddd49766c880017188c94,20260802_083654.jpg,69a8db141ca6360a2d79f93a81e59f1cba68833196a335e3f0b594e5b609ffb4
2026-08-02 08:37:05.047081,5d9ddd49766c880017188c94,20260802_083705.jpg,aa74701c1273a4158756938bcb551662371c6e1b85ed2476d0e29f8f0fd9c92d
2026-08-02 08:37:15.188851,5d9ddd49766c880017188c94,20260802_083715.jpg,0ecfb9ac776e0f1928e0060e58504d81edc4b4ba9c2bf4296aaeadf955d05547
2026-08-02 08:37:25.269872,5d9ddd49766c880017188c94,20260802_083725.jpg,1c671b0b36cae1fe1ac6e98ee2633a135718ce370b4f3f8ec5f62f1bb8090e94
2026-08-02 08:37:45.408020,5d9ddd49766c880017188c94,20260802_083745.jpg,9d93245a40f50dd0a784f6716c6c19e92f8ab9404d794f7be7ecb07e9d548deb
2026-08-02 08:37:55.487342,5d9ddd49766c880017188c94,20260802_083755.jpg,82c82f614d4c89ec85dc9041d1e35530112a50a3e7de41b5341ee5df6e2db203
2026-08-02 08:38:05.558136,5d9ddd49766c880017188c94,20260802_083805.jpg,ee8f3f73807153c740f32da07113dd5edf0badf990d769b50908a31d28f82097
2026-08-02 08:38:15.632213,5d9ddd49766c880017188c94,20260802_083815.jpg,61180176a6c8a0b7094cd9ac3965068d5e54eecd5311669e045fcb1401c9048c
2026-08-02 08:38:25.722888,5d9ddd49766c880017188c94,20260802_083825.jpg,654ecbb5beda6dd04f582b8fcf763df9fa65e7d4b039bd44d036074a2a5f4134
2026-08-02 08:38:45.869356,5d9ddd49766c880017188c94,20260802_083845.jpg,8de457cde80aa842a23fcf909073c6a7f6c9bbffe15e86f67101e91bccf77824
2026-08-02 08:38:55.954369,5d9ddd49766c880017188c94,20260802_083855.jpg,bbfda9fb0dd563f90681b16cc2c6332b34030180c70599fd1f1914239ef73e4c
2026-08-02 08:39:06.046353,5d9ddd49766c880017188c94,20260802_083906.jpg,968c610416831b5a3306908e6978286158260d951949f354de74572af7a14572
2026-08-02 08:39:16.123636,5d9ddd49766c880017188c94,20260802_083916.jpg,3fb8bc1fb6846fa2abe0f39f9980ec1df798a88701bcc45f304f81d5a8424904
2026-08-02 08:39:26.195427,5d9ddd49766c880017188c94,20260802_083926.jpg,05fa55369b03e69ed8efb0fb921ad12e16bb97bd3ce2ced1853804afb53aaf04
2026-08-02 08:39:46.354650,5d9ddd49766c880017188c94,20260802_083946.jpg,913808641b429d2c0b2a2c6b9f0b5332246945f56b09269a483e2b80aa67c7d9
2026-08-02 08:39:56.433547,5d9ddd49766c880017188c94,20260802_083956.jpg,6e22784b4aef8ee38d6959ebe0fe6d54682eb0479103924a6f1330f1eee46529
2026-08-02 08:40:06.508763,5d9ddd49766c880017188c94,20260802_084006.jpg,daf9bfb8b453cda53ba24e403782b15e4a5fa8bf0a54d60815840901895b6bcd
2026-08-02 08:40:16.590612,5d9ddd49766c880017188c94,20260802_084016.jpg,4cdc5c15fd43d81b7647f8756111fa7d453c2af9dd435f3acb35bba04d3da5a5
2026-08-02 08:40:26.671865,5d9ddd49766c880017188c94,20260802_084026.jpg,940f1699c1c7d4eb9c2b64b7a4fe4e41e181631f1839a29236d5a6fb77e32a08
2026-08-02 08:40:47.068105,5d9ddd49766c880017188c94,20260802_084047.jpg,7377a450b234cdd86d7e1b10dfaeac20beb58461a53fa1e343a6239454705ce5
2026-08-02 08:40:57.143071,5d9ddd49766c880017188c94,20260802_084057.jpg,532880f6035af17454dfa98891df4fd9eba87fce17c63b4c36ad50c50db74db2
2026-08-02 08:41:07.208535,5d9ddd49766c880017188c94,20260802_084107.jpg,e574ff3a7c246a30da4f7f0d7d1981aa6aa9bd3fcf12673ca2f52286b4e90b3f
2026-08-02 08:41:17.290428,5d9ddd49766c880017188c94,20260802_084117.jpg,6ca9baea3b6a1e6dcaa77ae60d7a9f857250055f985652f595043d560eac8e2f
2026-08-02 08:41:27.367525,5d9ddd49766c880017188c94,20260802_084127.jpg,8bb83cc635caeb20a9eead03ee549df66d24059187514d2e47c951da24a1eb5e
2026-08-02 08:41:47.503750,5d9ddd49766c880017188c94,20260802_084147.jpg,692756bf9742ff320d443c23805e1c6f1362df327033acbe978af8feb972532a
2026-08-02 08:41:57.583304,5d9ddd49766c880017188c94,20260802_084157.jpg,c4ef1710bfd7e09220351af2af5234a6d1971614ecabc85178fa21462a4f0954
2026-08-02 08:42:07.656903,5d9ddd49766c880017188c94,20260802_084207.jpg,04f75a1c73291c689b46b1c012148b37875da11420f1267f5abc40b4b146f901
2026-08-02 08:42:17.741085,5d9ddd49766c880017188c94,20260802_084217.jpg,c7aa2ad8fa8d210b35596037e36162face89f9a07b554429d0bfc9a6c7f638b3
2026-08-02 08:42:27.821803,5d9ddd49766c880017188c94,20260802_084227.jpg,6c23f7bb55f7ebbef1f417c207fbe3f123ac45a82b56a431b24ad54d193fb04a
2026-08-02 08:42:47.990028,5d9ddd49766c880017188c94,20260802_084247.jpg,b4119e5c08002326b3d4a048fe87c904aefd924df1c5c7e6bbef9bbb5b28a12a
2026-08-02 08:42:58.065375,5d9ddd49766c880017188c94,20260802_084258.jpg,e8ce17af3536c7e30d4cfac9717568ba53a4a5908420af96803f0b74fe9ce967
2026-08-02 08:43:08.202711,5d9ddd49766c880017188c94,20260802_084308.jpg,47c2585d23e8f392c6a72a948af3a45244346fe5a44b49f53c45a6315d22544d
2026-08-02 08:43:18.268076,5d9ddd49766c880017188c94,20260802_084318.jpg,d84ee4bc6db4ea503183d29abee2bdba46518f7528447ecbdbb9e90963b55380
2026-08-02 08:43:28.345443,5d9ddd49766c880017188c94,20260802_084328.jpg,455b3ddd82d6137f114aa2c6d8db7777c7b2539c73178714b86a55ebe1ab2201
2026-08-02 08:43:48.499510,5d9ddd49766c880017188c94,20260802_084348.jpg,49153983aafe5fef9f3c209b445ddebb49a55caeab5538c3ba5aab39992af636
2026-08-02 08:43:58.598211,5d9ddd49766c880017188c94,20260802_084358.jpg,33923067a9b13f4b88708e7f07626ac944b380321865118b914ceab91ed84f9c
2026-08-02 08:44:08.725439,5d9ddd49766c880017188c94,20260802_084408.jpg,559c1d0396549b11adcbd34de5022ce6c25136998007271d5c60750982a882bc
2026-08-02 08:44:18.819207,5d9ddd49766c880017188c94,20260802_084418.jpg,62fe3217daf3001d570477268b399682c2a4e49c1c305536a9bf40d5c66af708
2026-08-02 08:44:38.989241,5d9ddd49766c880017188c94,20260802_084438.jpg,22665573f8eb2e151a0cec98fe617d2a0854b3e7f97d7021063a59d58955746a
2026-08-02 08:44:49.072898,5d9ddd49766c880017188c94,20260802_084449.jpg,8a4098b1de782143196213c276fa93ca3bfca9945480e62f0568c8c3ecc5bada
2026-08-02 08:44:59.167248,5d9ddd49766c880017188c94,20260802_084459.jpg,eabeecfbe3463d15e15f20704a90504b491ab3245326619b3dc795efd676723a
2026-08-02 08:45:09.261569,5d9ddd49766c880017188c94,20260802_084509.jpg,21dc84af8f2ea9765e6293be3cfeffcb7b3dea128676b2d44dda9b2aafe72ded
2026-08-02 08:45:19.336964,5d9ddd49766c880017188c94,20260802_084519.jpg,d6176324296d221f4214d63cb79bca0820eb63a5c6c8ae0baadfccb4b0e5ffd0
2026-08-02 08:45:39.510746,5d9ddd49766c880017188c94,20260802_084539.jpg,4bdba440b23304f5a32fa413eeee5beec82f6eba85dbe80a4eeae2cbee8de0f3
2026-08-02 08:45:49.583363,5d9ddd49766c880017188c94,20260802_084549.jpg,4e9c89e66fdcd8952d0836e2aaf451543cf8df60a37e19d31195a56e76377899
2026-08-02 08:45:59.659780,5d9ddd49766c880017188c94,20260802_084559.jpg,76a824b4c6ca49d321c46f051a79d30bc54132addc8cdc7bcb4ff80d2650bcd1
2026-08-02 08:46:09.742808,5d9ddd49766c880017188c94,20260802_084609.jpg,31ff864af2dd52b3ee5ae273de448eb925964d0cfd37b041bcf1d8bf13b8eba4
2026-08-02 08:46:19.819202,5d9ddd49766c880017188c94,20260802_084619.jpg,939406c9033aa3c6c0440897c08ea0befb5cdb769b2275847eefebdbf89f548f
2026-08-02 08:46:39.958932,5d9ddd49766c880017188c94,20260802_084639.jpg,9f32be35024a1ccae1c934af34f0f51fe57ed36cab1ce922d2845fd800f6d116
2026-08-02 08:46:50.076665,5d9ddd49766c880017188c94,20260802_084650.jpg,b3a2425bcc4be179d3c4279e92fe029f88377960bc498740a578042f53208699
2026-08-02 08:47:00.170229,5d9ddd49766c880017188c94,20260802_084700.jpg,92ae8417913f1deb43e0a38a66a20dc4e9a5a428e3b050ce5e93de6f34f355fb
2026-08-02 08:47:10.247768,5d9ddd49766c880017188c94,20260802_084710.jpg,8bab5efb2c85708c9f9590ee47177b184bc3b18d8ab6bf0ff9a1e85562846769
2026-08-02 08:47:20.339635,5d9ddd49766c880017188c94,20260802_084720.jpg,1ad51e030630fd500a4360d8f86e86c86133ca836c245b758ae4dfce123864eb
2026-08-02 08:47:40.494090,5d9ddd49766c880017188c94,20260802_084740.jpg,26585dedf76b502f7700ba384e5a779098e9cff792a74e44f832054bbe6ab35b
2026-08-02 08:47:50.567680,5d9ddd49766c880017188c94,20260802_084750.jpg,8637b7e078c18f2fc28ecfc36582c76256b04a5d8f681b0c10c627a0f4877705
2026-08-02 08:48:00.650028,5d9ddd49766c880017188c94,20260802_084800.jpg,a7d994b21406322c4df88215960e0fed4b5248a4dec96fb1665f2927a1103ab0
2026-08-02 08:48:10.727984,5d9ddd49766c880017188c94,20260802_084810.jpg,fd25277961238e7cd5237b9b7657ba2b4fb1e4f21626b0fb1973f923bcd38b06
2026-08-02 08:48:20.828128,5d9ddd49766c880017188c94,20260802_084820.jpg,08ee6612b8a07bfd8ed7cf03e814c280eb62da4b332d42a8f1960f83d75f8423
2026-08-02 08:48:40.976528,5d9ddd49766c880017188c94,20260802_084840.jpg,d0fa1a87819165aa433bba7c7884979786a1e4d21972465f900647dafcb77674
2026-08-02 08:48:51.066036,5d9ddd49766c880017188c94,20260802_084851.jpg,75107101fa8ce9013db9e6ae3ff1a53f951017715966bc6e05222981e164033a
2026-08-02 08:49:01.149927,5d9ddd49766c880017188c94,20260802_084901.jpg,9e2d5f67aeab99cff3bca893dfb82df5182f18e72184d08b025bf43ea404f9cf
2026-08-02 08:49:11.249676,5d9ddd49766c880017188c94,20260802_084911.jpg,6c30815eaa4802a20fae2d3e28e97cbbad59fe91e9a1559a4846fe85591ba650
2026-08-02 08:49:31.401835,5d9ddd49766c880017188c94,20260802_084931.jpg,35433f1e45ad41b22ac4aa95d75b8f022a0e15d128b9a3f5a2030196d4d3ca37
2026-08-02 08:49:41.490427,5d9ddd49766c880017188c94,20260802_084941.jpg,99bcd33f3c66dcf030ad8300c52ab3a25c46129e4cee8332803cb7e436524a3f
2026-08-02 08:49:51.577025,5d9ddd49766c880017188c94,20260802_084951.jpg,19fbb4a8b25e091da18232bdab4b7df67790f1252d185d9d4de601ef0465ac13
2026-08-02 08:50:06.490360,5d9ddd49766c880017188c94,20260802_085006.jpg,4c8f416e9589da53b844b67bfc07b9e4f1cc204394610dccf102a8571387580a
2026-08-02 08:50:16.565871,5d9ddd49766c880017188c94,20260802_085016.jpg,f220949889d1eaecb2ce5d5f4df2d1e033ea2b5824452c9a4822577250a3e58b
2026-08-02 08:50:26.647541,5d9ddd49766c880017188c94,20260802_085026.jpg,710b6a0d1a409752125fbadf02742f10508cf67d0a714355cf4a12ae44f5f83a
2026-08-02 08:50:36.749562,5d9ddd49766c880017188c94,20260802_085036.jpg,4182e50b0018d84b7374a32937689be365b4d355898dc574ddbf2524b9fc7092
2026-08-02 08:50:56.923103,5d9ddd49766c880017188c94,20260802_085056.jpg,3da932c6c62d575d0f9a975528c6152c44b13383ae7d824860096c6c84e7241a
2026-08-02 08:51:07.014382,5d9ddd49766c880017188c94,20260802_085107.jpg,ca94223e1fe03a04d8c236ab7b73e7f008179ce4b631a264c6806fe1f1569445
2026-08-02 08:51:17.100972,5d9ddd49766c880017188c94,20260802_085117.jpg,101a0558d9a3da9110b257bc4df87df79346701fe2179d3b3a9bd74c019bd91b
2026-08-02 08:51:27.198995,5d9ddd49766c880017188c94,20260802_085127.jpg,8139e588852a2890271e4e1c10201498b5f3c30fdd0094bf43b188c318a4d320
2026-08-02 08:51:37.277650,5d9ddd49766c880017188c94,20260802_085137.jpg,ad95fb5bed7bee0162bfca250c26b239f5dda7d63446fe78c5458a0b9fc9835d
2026-08-02 08:51:57.425902,5d9ddd49766c880017188c94,20260802_085157.jpg,380f46af54ba4248dfd607dc0b2d56d9212f0e06a14cdc77893bd2b10dd8ad24
2026-08-02 08:52:07.518012,5d9ddd49766c880017188c94,20260802_085207.jpg,4051aea8311fc6e582238f11467831a9f9f977da8467bca2181cadfef68a10b0
2026-08-02 08:52:17.604433,5d9ddd49766c880017188c94,20260802_085217.jpg,e5c9ddbf8e3488b7b0c8584c2b745305e496654b9993f1235d9c89a4fe7b11af
2026-08-02 08:52:27.672681,5d9ddd49766c880017188c94,20260802_085227.jpg,81ecad1e966e9558200da57bddcafbdb20dcab70fcd76a1b61757a988d83fc88
2026-08-02 08:52:37.750800,5d9ddd49766c880017188c94,20260802_085237.jpg,d5cec224d2b6b83a7b431c05ed138eaf2fd6a06d1599e658f50c5a7e3a3406a3
2026-08-02 08:52:57.923057,5d9ddd49766c880017188c94,20260802_085257.jpg,571d1da40499eb9213bb475249a08e9788b2a867beb21f41e3fd265172795ecd
2026-08-02 08:53:08.014147,5d9ddd49766c880017188c94,20260802_085308.jpg,2610f6a08d060f4d24a3486016b2517fb560832eb2b6daf05ca3a183acd7c2d5
2026-08-02 08:53:18.116656,5d9ddd49766c880017188c94,20260802_085318.jpg,115c21fce2a007296617c8789560d9d1a69e9f49998828d9d242eeb17dc55f4c
2026-08-02 08:53:28.203560,5d9ddd49766c880017188c94,20260802_085328.jpg,18760bcb88129f19670e6a51fa594a134bb6f4126786e217f66c40916fadfa21
2026-08-02 08:53:38.301258,5d9ddd49766c880017188c94,20260802_085338.jpg,b3012a64dcf1fa70557e140f8ea1f52edc964cf858e1b012a2af961047b58536
2026-08-02 08:53:58.450351,5d9ddd49766c880017188c94,20260802_085358.jpg,2f8665fe4926d045cc443083efe901c72ba3efdad128b9971f071b9339ed9835
2026-08-02 08:54:08.518441,5d9ddd49766c880017188c94,20260802_085408.jpg,1f438c15edd73ba390c1ffd421411e51e4d3dbe451f23bb44f5f385c1c08be59
2026-08-02 08:54:18.615707,5d9ddd49766c880017188c94,20260802_085418.jpg,4ceb3e23db1777b8da8073c6676675db0ada98439769c5d775a5388cfe350f99
2026-08-02 08:54:28.819822,5d9ddd49766c880017188c94,20260802_085428.jpg,cf0cb30e5a66c342f8de3430f2a67607f1063fb5ad82a7052b8fdc267d89fc61
2026-08-02 08:54:39.052944,5d9ddd49766c880017188c94,20260802_085439.jpg,9cc251efd9785f023bdbd179eab62dcf0a58f9fdfc29511a5e4b92cea62c170a
2026-08-02 08:54:59.360829,5d9ddd49766c880017188c94,20260802_085459.jpg,dac399b57e3c31bf7d28c2b5a54bd4ec93df4b6f4c7106916b89c96ddfb3875e
2026-08-02 08:55:09.547809,5d9ddd49766c880017188c94,20260802_085509.jpg,08ec23eb78ed5fd80b4183f4d5d2d28539bfd70c2a459b3c531be56bb4080210
2026-08-02 08:55:19.634755,5d9ddd49766c880017188c94,20260802_085519.jpg,c6d8c54d99bf7a9845717902b82c6a268152a1116915c50fd03ac383e626dd5c
2026-08-02 08:55:29.719772,5d9ddd49766c880017188c94,20260802_085529.jpg,9657c21e2d62c8a0404cc9f22a560bf2569e68a339f6f6fb3b348eafe60c9f1a
2026-08-02 08:55:39.804971,5d9ddd49766c880017188c94,20260802_085539.jpg,6d372d1a58c4c513431893b6aa903be7cbd89b933b7b2fd08c410ded44ab3ece
2026-08-02 08:55:59.963807,5d9ddd49766c880017188c94,20260802_085559.jpg,57dfed3a7822017f8d70da5cc42221a62dd8f7fa9385cc4ebb435bd2c00486ca
2026-08-02 08:56:10.045171,5d9ddd49766c880017188c94,20260802_085610.jpg,668b52c749cea9640e2d9bb697cc2fde952a40c62ccc29f9b0d38f2835041a77
2026-08-02 08:56:20.154216,5d9ddd49766c880017188c94,20260802_085620.jpg,e72ed3f4f30d398baeda2b2091a89de9c452aee29d167a7a03a33be5cb7187b3
2026-08-02 08:56:30.227145,5d9ddd49766c880017188c94,20260802_085630.jpg,967fca94986d05ed53226d0f706a646bd654e29613b5b481d5e636000246cb41
2026-08-02 08:56:40.330929,5d9ddd49766c880017188c94,20260802_085640.jpg,9a3ec287f171232533ef9dd98c88f51afee3af13ff6168b2e5b10989e3acaf38
2026-08-02 08:57:00.550283,5d9ddd49766c880017188c94,20260802_085700.jpg,d97a20d63f1cb9bd08faf81375cbd7ac6e195c739d9e286660e02ad0e9791618
2026-08-02 08:57:10.673501,5d9ddd49766c880017188c94,20260802_085710.jpg,46b1be1e7e4df5571fdbfaa301b83ff21c04f6e15f6c754b7576be99a0540bee
2026-08-02 08:57:20.771097,5d9ddd49766c880017188c94,20260802_085720.jpg,65c40b27d9e4f7fd6b012479cb6ad9b01e6e4a9bca2b538d369266677b0b198b
2026-08-02 08:57:30.869517,5d9ddd49766c880017188c94,20260802_085730.jpg,19f62e3060d2af1bd296b8186d0b5d8ed8d0ce7eff165de8f008bf92d76e9585
2026-08-02 08:57:40.949242,5d9ddd49766c880017188c94,20260802_085740.jpg,190cd5fa0a0adce026b66b31b057dcecf236e1a906a2ba2704902c5187202b49
2026-08-02 08:58:01.164223,5d9ddd49766c880017188c94,20260802_085801.jpg,3094dd0213c2f1e37baaad4f04d5fcf6a455ef172de7f02b67de6a753fb226cd
2026-08-02 08:58:11.241756,5d9ddd49766c880017188c94,20260802_085811.jpg,c44d0ef73c19bfc6e1e792c56a21b193b5fb3603eb09f60d52e9525db6ee2234
2026-08-02 08:58:21.370692,5d9ddd49766c880017188c94,20260802_085821.jpg,1c0be43d5fe35a9c7ded5dbad0fa16bbefe62414fe242b94b514a5355bf23b66
2026-08-02 08:58:31.450387,5d9ddd49766c880017188c94,20260802_085831.jpg,243b67b2c8bc82b106604109fb7f69271e25c196efce1eef35c95e67aebb37c0
2026-08-02 08:58:41.531501,5d9ddd49766c880017188c94,20260802_085841.jpg,e4252273f19a52e1de0506a7b82ebaef1de748249fb88578b7835fe0bf0c9c85
2026-08-02 08:59:01.692432,5d9ddd49766c880017188c94,20260802_085901.jpg,3cd2b4e6e49bec9af25f64e5ef6020aeabbef1259820f686394a62f6067c2b38
2026-08-02 08:59:11.787902,5d9ddd49766c880017188c94,20260802_085911.jpg,53bdacc75fc7a371e1575aa9599078071714bd3e781d26d8e47a746b2d1eb486
2026-08-02 08:59:21.890597,5d9ddd49766c880017188c94,20260802_085921.jpg,402075341578ac7ef03773f06360966e5e8f73edc88df8536ecbf3c5d4e022a5
2026-08-02 08:59:32.004889,5d9ddd49766c880017188c94,20260802_085931.jpg,3cfaa69e032e5f6c6db2546a29da9245e871ec675974a251d74290b1843c25e0
2026-08-02 08:59:42.094105,5d9ddd49766c880017188c94,20260802_085942.jpg,1940eeda0ab814b3f373854ca46e490770961a40e8e333fbbadfea3b178e28ba
2026-08-02 09:00:02.246832,5d9ddd49766c880017188c94,20260802_090002.jpg,f5b4c6ad4315e2e08d234b6185cc012f4b344a63c25e70fdb8aeb484cd81a8b1
2026-08-02 09:00:12.352941,5d9ddd49766c880017188c94,20260802_090012.jpg,f9fa7128548f609d490b18f832d8e5fee503bd2a6b26545a0c7a9ce2cd5c481e
2026-08-02 09:00:22.452820,5d9ddd49766c880017188c94,20260802_090022.jpg,73977b00f31ff16f91f7ddccec098979a74c0dc183e8ac6362157e30e6401b47
2026-08-02 09:00:32.529784,5d9ddd49766c880017188c94,20260802_090032.jpg,0a21b32983560659e2e29ba51b83be61c72e692d0a617c80ddc2f146dd636dfb
2026-08-02 09:00:42.612323,5d9ddd49766c880017188c94,20260802_090042.jpg,115f2f33c816e61b0054d79c6d160f84db0a59259ae5fb2d97e653a8e8abac13
2026-08-02 18:33:16.675034,5d9ddd49766c880017188c94,20260802_183316.jpg,9ac7abe6b555842b2b081d25958088d77a7539266da778669d60f27cd46669f2
2026-08-02 18:33:55.646811,5d9ddd49766c880017188c94,20260802_183355.jpg,25c5d930ebaa94007d77c60ec7201180c7cf1cc504405dbaff6324e0229ce46d
2026-08-02 18:34:05.753757,5d9ddd49766c880017188c94,20260802_183405.jpg,1f7dcb92ecf622ddb66f6c1fd1642b4c8f3ffb05d1a8ace408ae43662e853a09
2026-08-02 18:34:25.956714,5d9ddd49766c880017188c94,20260802_183425.jpg,76954c12ecb29ee7040b478e2e155250a84ebb392b2cfd1a5831efac7332fa60
2026-08-02 18:34:36.070801,5d9ddd49766c880017188c94,20260802_183436.jpg,ec1dd48f43445ba44faf0ed0a4417e0bc96539f070474a06d95a89398ae42af4
2026-08-02 18:34:46.248471,5d9ddd49766c880017188c94,20260802_183446.jpg,d565a7e7cbd4ca6b3323c22216c1ed886ff1f50282cca9106eb914856b275413
2026-08-02 18:34:56.399944,5d9ddd49766c880017188c94,20260802_183456.jpg,dc66c6596a86111b07238d1d1ed15cb47ea141e727d7c292946b5815c91d544d
2026-08-02 18:35:06.495789,5d9ddd49766c880017188c94,20260802_183506.jpg,f9f2bee2e599313a8f5c5f9c72554c4483addf19c2850e127d67eb9aa4628c49
